"Rank","Tier","WSID","Overall","Team","Pos","Bye","Best","Worst","Avg","Std Dev","ADP","vs. ADP"
"1","1","","Saquon Barkley","NYG","RB1","11","1","5","1.8","1.0","1.0","0.0"
"2","1","","Christian McCaffrey","CAR","RB2","7","1","6","2.5","1.0","2.0","0.0"
"3","1","","Alvin Kamara","NO","RB3","9","1","17","3.2","2.3","3.0","0.0"
"4","1","","Ezekiel Elliott","DAL","RB4","8","1","59","5.8","7.4","4.0","0.0"
"5","2","","David Johnson","ARI","RB5","12","1","31","7.7","6.2","5.0","0.0"
"6","2","","DeAndre Hopkins","HOU","WR1","10","5","20","8.8","2.4","6.0","0.0"
"7","2","","Travis Kelce","KC","TE1","12","7","22","9.4","3.1","14.0","+7.0"
"8","2","","Davante Adams","GB","WR2","11","5","24","9.6","3.6","8.0","0.0"
"9","2","","Julio Jones","ATL","WR3","9","5","32","10.7","3.4","10.0","+1.0"
"10","2","","Michael Thomas","NO","WR4","9","5","34","12.6","4.9","9.0","-1.0"
"11","2","","James Conner","PIT","RB6","7","2","44","13.6","6.8","11.0","0.0"
"12","2","","Le'Veon Bell","NYJ","RB7","4","2","44","13.7","8.3","7.0","-5.0"
"13","2","","Odell Beckham Jr.","CLE","WR5","7","7","30","13.8","4.1","12.0","-1.0"
"14","3","","JuJu Smith-Schuster","PIT","WR6","7","6","34","14.4","4.6","16.0","+2.0"
"15","3","","Joe Mixon","CIN","RB8","9","5","42","15.9","6.2","17.0","+2.0"
"16","3","","Dalvin Cook","MIN","RB9","12","5","44","17.9","7.3","20.0","+4.0"
"17","3","","Nick Chubb","CLE","RB10","7","1","71","19.7","10.4","18.0","+1.0"
"18","3","","Mike Evans","TB","WR7","7","7","33","20.8","4.6","21.0","+3.0"
"19","3","","Todd Gurley","LAR","RB11","9","1","57","21.1","12.0","13.0","-6.0"
"20","3","","Tyreek Hill","KC","WR8","12","7","212","22.4","23.7","15.0","-5.0"
"21","4","","Keenan Allen","LAC","WR9","12","9","34","24.6","5.6","24.0","+3.0"
"22","4","","Antonio Brown","OAK","WR10","6","13","73","25.4","8.7","22.0","0.0"
"23","4","","T.Y. Hilton","IND","WR11","6","12","36","26.2","4.5","27.0","+4.0"
"24","4","","George Kittle","SF","TE2","4","8","69","26.3","9.1","29.0","+5.0"
"25","4","","Zach Ertz","PHI","TE3","10","15","69","26.5","8.4","25.0","0.0"
"26","4","","Adam Thielen","MIN","WR12","12","16","55","29.1","5.4","26.0","0.0"
"27","4","","Amari Cooper","DAL","WR13","8","13","49","29.6","5.3","32.0","+5.0"
"28","4","","Stefon Diggs","MIN","WR14","12","16","43","30.1","4.3","35.0","+7.0"
"29","4","","Melvin Gordon","LAC","RB12","12","1","100","30.5","19.5","23.0","-6.0"
"30","4","","Damien Williams","KC","RB13","12","4","61","32.6","13.4","28.0","-2.0"
"31","4","","Julian Edelman","NE","WR15","10","10","68","33.5","7.7","39.0","+8.0"
"32","4","","Kerryon Johnson","DET","RB14","5","4","76","33.8","13.4","30.0","-2.0"
"33","4","","Brandin Cooks","LAR","WR16","9","20","49","34.6","3.4","40.0","+7.0"
"34","4","","Leonard Fournette","JAC","RB15","10","14","61","35.3","12.8","31.0","-3.0"
"35","4","","Robert Woods","LAR","WR17","9","24","73","35.7","6.3","41.0","+6.0"
"36","4","","Devonta Freeman","ATL","RB16","9","11","66","36.0","12.3","34.0","-2.0"
"37","4","","Aaron Jones","GB","RB17","11","14","83","36.3","14.3","33.0","-4.0"
"38","4","","Marlon Mack","IND","RB18","6","17","61","37.9","12.7","36.0","-2.0"
"39","5","","Patrick Mahomes","KC","QB1","12","1","56","38.9","7.0","19.0","-20.0"
"40","5","","Kenny Golladay","DET","WR18","5","30","97","41.4","10.9","42.0","+2.0"
"41","5","","Chris Godwin","TB","WR19","7","25","73","41.8","8.6","46.0","+5.0"
"42","5","","Tyler Lockett","SEA","WR20","11","28","113","47.4","14.7","51.0","+9.0"
"43","5","","Cooper Kupp","LAR","WR21","9","29","86","47.8","12.0","47.0","+4.0"
"44","5","","Tyler Boyd","CIN","WR22","9","33","96","51.1","12.7","59.0","+15.0"
"45","5","","Josh Jacobs","OAK","RB19","6","4","227","51.9","24.7","37.0","-8.0"
"46","5","","Alshon Jeffery","PHI","WR23","10","32","97","52.8","11.7","70.0","+24.0"
"47","5","","Derrick Henry","TEN","RB20","11","11","110","53.6","12.5","38.0","-9.0"
"48","5","","Deshaun Watson","HOU","QB2","10","38","68","50.2","6.5","43.0","-5.0"
"49","6","","Calvin Ridley","ATL","WR24","9","28","88","55.1","11.4","55.0","+6.0"
"50","6","","D.J. Moore","CAR","WR25","7","28","122","55.6","15.5","60.0","+10.0"
"51","6","","Chris Carson","SEA","RB21","11","27","104","56.9","14.2","52.0","+1.0"
"52","6","","Aaron Rodgers","GB","QB3","11","38","79","53.1","7.4","54.0","+2.0"
"53","6","","Allen Robinson","CHI","WR26","6","33","113","57.6","17.1","69.0","+16.0"
"54","6","","Mark Ingram","BAL","RB22","8","19","93","58.5","13.4","48.0","-6.0"
"55","6","","Jarvis Landry","CLE","WR27","7","28","124","59.3","17.2","64.0","+9.0"
"56","6","","James White","NE","RB23","10","11","112","59.6","17.4","53.0","-3.0"
"57","6","","Andrew Luck","IND","QB4","6","38","116","56.1","12.4","50.0","-7.0"
"58","6","","A.J. Green","CIN","WR28","9","20","127","57.3","22.7","44.0","-14.0"
"59","6","","O.J. Howard","TB","TE4","7","22","106","62.0","10.9","61.0","+2.0"
"60","6","","Evan Engram","NYG","TE5","11","22","121","63.5","15.5","56.0","-4.0"
"61","6","","David Montgomery","CHI","RB24","6","2","272","64.0","32.8","57.0","-4.0"
"62","6","","Phillip Lindsay","DEN","RB25","10","17","118","64.3","15.5","45.0","-17.0"
"63","6","","Mike Williams","LAC","WR29","12","34","97","64.3","13.7","62.0","-1.0"
"64","6","","Sony Michel","NE","RB26","10","17","112","65.7","14.6","49.0","-15.0"
"65","6","","Hunter Henry","LAC","TE6","12","22","94","66.3","9.9","65.0","0.0"
"66","6","","Robby Anderson","NYJ","WR30","4","36","101","67.1","14.1","74.0","+8.0"
"67","6","","Kenyan Drake","MIA","RB27","5","17","126","69.6","20.1","66.0","-1.0"
"68","6","","Baker Mayfield","CLE","QB5","7","47","125","67.7","13.5","58.0","-10.0"
"69","6","","Tarik Cohen","CHI","RB28","6","35","126","72.3","17.7","63.0","-6.0"
"70","6","","Sammy Watkins","KC","WR31","12","35","151","72.4","17.3","82.0","+12.0"
"71","6","","Corey Davis","TEN","WR32","11","39","137","75.2","18.3","83.0","+12.0"
"72","7","","Matt Ryan","ATL","QB6","9","38","126","72.2","18.1","72.0","0.0"
"73","7","","Christian Kirk","ARI","WR33","12","36","129","76.7","16.6","77.0","+4.0"
"74","7","","Lamar Miller","HOU","RB29","10","46","134","77.2","17.2","68.0","-6.0"
"75","7","","Tevin Coleman","SF","RB30","4","39","130","78.7","18.0","67.0","-8.0"
"76","7","","Dante Pettis","SF","WR34","4","41","148","80.9","17.1","79.0","+3.0"
"77","7","","Will Fuller","HOU","WR35","10","41","175","81.5","18.9","78.0","+1.0"
"78","7","","Marvin Jones","DET","WR36","5","54","203","83.7","18.8","97.0","+19.0"
"79","7","","Sterling Shepard","NYG","WR37","11","45","157","84.6","16.9","94.0","+15.0"
"80","7","","Larry Fitzgerald","ARI","WR38","12","16","138","86.3","19.8","88.0","+8.0"
"81","7","","Dede Westbrook","JAC","WR39","10","36","181","86.8","26.0","95.0","+14.0"
"82","7","","Jared Cook","NO","TE7","9","8","142","87.5","18.0","73.0","-9.0"
"83","7","","Cam Newton","CAR","QB7","7","47","150","84.0","17.4","92.0","+9.0"
"84","7","","Curtis Samuel","CAR","WR40","7","45","174","88.5","19.3","105.0","+21.0"
"85","7","","Latavius Murray","NO","RB31","9","27","156","89.2","17.5","93.0","+8.0"
"86","7","","Russell Wilson","SEA","QB8","11","38","138","86.1","20.6","90.0","+4.0"
"87","7","","Carson Wentz","PHI","QB9","10","50","167","87.0","19.9","87.0","0.0"
"88","7","","Eric Ebron","IND","TE8","6","62","139","93.4","21.6","76.0","-12.0"
"89","7","","Rashaad Penny","SEA","RB32","11","44","146","94.4","16.0","80.0","-9.0"
"90","7","","David Njoku","CLE","TE9","7","22","163","94.6","23.9","89.0","-1.0"
"91","7","","Derrius Guice","WAS","RB33","10","57","168","94.6","19.2","71.0","-20.0"
"92","7","","Courtland Sutton","DEN","WR41","10","58","160","97.5","19.9","96.0","+4.0"
"93","7","","Drew Brees","NO","QB10","9","38","162","95.1","21.0","84.0","-9.0"
"94","7","","Vance McDonald","PIT","TE10","7","69","163","100.2","23.8","91.0","-3.0"
"95","7","","Jared Goff","LAR","QB11","9","54","153","97.6","16.6","101.0","+6.0"
"96","8","","Miles Sanders","PHI","RB34","10","42","289","98.6","40.5","81.0","-15.0"
"97","8","","Austin Ekeler","LAC","RB35","12","60","181","101.8","22.3","75.0","-22.0"
"98","8","","Jameis Winston","TB","QB12","7","59","154","102.1","17.1","116.0","+18.0"
"99","8","","Austin Hooper","ATL","TE11","9","53","141","107.0","19.8","108.0","+9.0"
"100","8","","Royce Freeman","DEN","RB36","10","66","172","107.1","16.5","102.0","+2.0"
"101","8","","Geronimo Allison","GB","WR42","11","52","229","108.0","28.7","118.0","+17.0"
"102","8","","Golden Tate","NYG","WR43","11","7","214","109.8","32.4","132.0","+30.0"
"103","8","","Kyler Murray","ARI","QB13","12","54","202","103.1","25.6","103.0","0.0"
"104","8","","Anthony Miller","CHI","WR44","6","79","219","112.8","24.0","135.0","+31.0"
"105","8","","Ben Roethlisberger","PIT","QB14","7","70","156","109.8","17.0","112.0","+7.0"
"106","8","","Jordan Howard","PHI","RB37","10","66","195","113.8","26.1","98.0","-8.0"
"107","8","","Keke Coutee","HOU","WR45","10","58","225","107.3","27.1","113.0","+6.0"
"108","8","","Delanie Walker","TEN","TE12","11","21","282","117.8","23.7","134.0","+26.0"
"109","8","","Dak Prescott","DAL","QB15","8","77","160","116.3","16.9","125.0","+16.0"
"110","8","","Dion Lewis","TEN","RB38","11","71","217","120.2","24.7","156.0","+46.0"
"111","8","","Lamar Jackson","BAL","QB16","8","54","178","117.3","21.4","129.0","+18.0"
"112","8","","DeSean Jackson","PHI","WR46","10","65","226","121.7","28.1","120.0","+8.0"
"113","8","","Emmanuel Sanders","DEN","WR47","10","12","220","123.0","28.1","107.0","-6.0"
"114","8","","Trey Burton","CHI","TE13","6","72","184","123.5","17.6","130.0","+16.0"
"115","8","","Darrell Henderson","LAR","RB39","9","42","309","123.6","40.8","85.0","-30.0"
"116","8","","LeSean McCoy","BUF","RB40","6","76","193","121.0","28.6","106.0","-10.0"
"117","8","","Nyheim Hines","IND","RB41","6","80","272","124.5","26.4","124.0","+7.0"
"118","8","","Philip Rivers","LAC","QB17","12","82","175","121.5","17.5","121.0","+3.0"
"119","8","","Marquez Valdes-Scantling","GB","WR48","11","60","223","123.4","30.2","109.0","-10.0"
"120","8","","Matt Breida","SF","RB42","4","76","259","128.6","30.9","131.0","+11.0"
"121","8","","Jack Doyle","IND","TE14","6","69","246","129.9","26.3","179.0","+58.0"
"122","8","","Jordan Reed","WAS","TE15","10","8","179","131.2","20.1","141.0","+19.0"
"123","8","","Ronald Jones II","TB","RB43","7","60","238","129.2","29.8","104.0","-19.0"
"124","9","","Duke Johnson","HOU","RB44","10","76","217","130.6","29.4","144.0","+20.0"
"125","9","","Mitch Trubisky","CHI","QB18","6","68","181","131.0","19.8","138.0","+13.0"
"126","9","","Donte Moncrief","PIT","WR49","7","49","229","132.0","37.7","126.0","0.0"
"127","9","","Michael Gallup","DAL","WR50","8","75","226","128.6","26.4","158.0","+31.0"
"128","9","","Devin Funchess","IND","WR51","6","41","212","132.2","33.3","149.0","+21.0"
"129","9","","Kirk Cousins","MIN","QB19","12","26","171","129.1","22.4","151.0","+22.0"
"130","9","","Jamison Crowder","NYJ","WR52","4","90","223","139.6","28.8","172.0","+42.0"
"131","9","","Tyrell Williams","OAK","WR53","6","41","240","139.2","38.7","142.0","+11.0"
"132","9","","DaeSean Hamilton","DEN","WR54","10","73","242","137.4","31.1","212.0","+80.0"
"133","9","","John Brown","BUF","WR55","6","58","244","139.1","28.4","167.0","+34.0"
"134","9","","Peyton Barber","TB","RB45","7","76","257","139.2","31.8","114.0","-20.0"
"135","9","","Kyle Rudolph","MIN","TE16","12","94","202","142.7","19.4","139.0","+4.0"
"136","9","","Jimmy Graham","GB","TE17","11","34","267","145.9","32.7","155.0","+19.0"
"137","9","","N'Keal Harry","NE","WR56","10","45","270","140.3","44.0","110.0","-27.0"
"138","9","","Kenny Stills","MIA","WR57","5","67","214","143.7","27.9","200.0","+62.0"
"139","9","","Mark Andrews","BAL","TE18","8","72","299","145.0","38.3","152.0","+13.0"
"140","9","","Kalen Ballage","MIA","RB46","5","84","237","141.9","29.3","119.0","-21.0"
"141","9","","Josh Allen","BUF","QB20","6","88","253","142.5","24.9","176.0","+35.0"
"142","9","","Adrian Peterson","WAS","RB47","10","1","257","146.4","31.1","137.0","-5.0"
"143","9","","Greg Olsen","CAR","TE19","7","70","345","147.9","35.6","147.0","+4.0"
"144","9","","Tom Brady","NE","QB21","10","91","350","147.9","28.7","123.0","-21.0"
"145","9","","Jimmy Garoppolo","SF","QB22","4","95","360","149.9","30.1","160.0","+15.0"
"146","9","","James Washington","PIT","WR58","7","13","268","154.8","44.4","117.0","-29.0"
"147","9","","Ito Smith","ATL","RB48","9","18","264","154.0","31.8","148.0","+1.0"
"148","9","","Carlos Hyde","KC","RB49","12","76","312","155.3","41.2","128.0","-20.0"
"149","9","","Jaylen Samuels","PIT","RB50","7","52","316","157.0","43.7","115.0","-34.0"
"150","9","","Chris Thompson","WAS","RB51","10","2","195","157.1","24.8","197.0","+47.0"
"151","9","","Chris Herndon IV","NYJ","TE20","4","29","255","160.6","30.9","178.0","+27.0"
"152","9","","Mohamed Sanu","ATL","WR59","9","75","266","163.8","36.8","184.0","+32.0"
"153","9","","D.K. Metcalf","SEA","WR60","11","39","320","161.7","44.9","111.0","-42.0"
"154","10","","Matthew Stafford","DET","QB23","5","27","202","165.8","17.2","190.0","+36.0"
"155","10","","Damien Harris","NE","RB52","10","83","317","169.6","49.7","127.0","-28.0"
"156","10","","Jerick McKinnon","SF","RB53","4","3","337","161.5","57.0","146.0","-10.0"
"157","10","","Chicago (CHI)","","DST1","6","2","237","141.7","12.1","86.0","-71.0"
"158","10","","Albert Wilson","MIA","WR61","5","64","265","172.8","34.0","221.0","+63.0"
"159","10","","Dallas Goedert","PHI","TE21","10","32","267","170.1","29.8","188.0","+29.0"
"160","10","","T.J. Hockenson","DET","TE22","5","36","356","165.4","46.8","154.0","-6.0"
"161","10","","Sam Darnold","NYJ","QB24","4","103","241","166.1","17.7","194.0","+33.0"
"162","10","","Parris Campbell","IND","WR62","6","22","302","170.1","42.5","153.0","-9.0"
"163","10","","Adam Humphries","TEN","WR63","11","10","378","173.6","44.5","181.0","+18.0"
"164","10","","Kareem Hunt","CLE","RB54","7","98","283","174.0","34.3","99.0","-65.0"
"165","10","","Derek Carr","OAK","QB25","6","28","275","172.8","24.2","185.0","+20.0"
"166","10","","Devin Singletary","BUF","RB55","6","59","324","169.9","45.5","140.0","-26.0"
"167","10","","Giovani Bernard","CIN","RB56","9","6","283","183.6","32.2","218.0","+51.0"
"168","10","","Jamaal Williams","GB","RB57","11","4","272","173.4","31.5","216.0","+48.0"
"169","10","","Marquise Goodwin","SF","WR64","4","25","333","174.1","44.5","198.0","+29.0"
"170","10","","C.J. Anderson","DET","RB58","5","5","289","180.3","30.7","187.0","+17.0"
"171","10","","Robert Foster","BUF","WR65","6","23","295","175.1","46.9","240.0","+69.0"
"172","10","","Devante Parker","MIA","WR66","5","9","276","178.5","35.8","204.0","+32.0"
"173","10","","Jacksonville (JAC)","","DST2","10","130","246","154.0","17.3","136.0","-37.0"
"174","10","","Noah Fant","DEN","TE23","10","24","282","174.5","41.0","168.0","-6.0"
"175","10","","Quincy Enunwa","NYJ","WR67","4","107","298","181.0","35.7","284.0","+109.0"
"176","10","","Tre'Quan Smith","NO","WR68","9","15","269","181.6","34.0","182.0","+6.0"
"177","10","","Andy Dalton","CIN","QB26","9","35","241","180.6","21.4","233.0","+56.0"
"178","10","","Mike Davis","CHI","RB59","6","11","322","190.6","39.9","232.0","+54.0"
"179","10","","Los Angeles (LAR)","","DST3","9","144","239","160.0","15.3","100.0","-79.0"
"180","10","","Minnesota (MIN)","","DST4","12","134","244","164.1","14.2","145.0","-35.0"
"181","10","","Justin Jackson","LAC","RB60","12","83","320","195.5","50.9","165.0","-16.0"
"182","10","","Baltimore (BAL)","","DST5","8","144","277","166.1","27.3","157.0","-25.0"
"183","10","","Greg Zuerlein","LAR","K1","9","3","245","172.9","11.5","122.0","-61.0"
"184","10","","Justice Hill","BAL","RB61","8","98","322","191.2","52.3","169.0","-15.0"
"185","10","","Deebo Samuel","SF","WR69","4","81","317","181.2","45.5","205.0","+20.0"
"186","10","","Mike Gesicki","MIA","TE24","5","38","299","189.3","41.2","236.0","+50.0"
"187","10","","Jalen Richard","OAK","RB62","6","100","274","198.3","35.4","201.0","+14.0"
"188","10","","Nick Foles","JAC","QB27","10","31","313","194.6","28.6","203.0","+15.0"
"189","10","","Los Angeles (LAC)","","DST6","12","141","330","167.1","24.6","143.0","-46.0"
"190","10","","Zay Jones","BUF","WR70","6","74","297","195.5","42.2","237.0","+47.0"
"191","10","","David Moore","SEA","WR71","11","96","343","199.1","33.8","281.0","+90.0"
"192","10","","Houston (HOU)","","DST7","10","145","303","175.5","23.1","166.0","-26.0"
"193","10","","Marcus Mariota","TEN","QB28","11","30","284","198.3","26.8","195.0","+2.0"
"194","10","","Justin Tucker","BAL","K2","8","2","276","184.0","18.1","133.0","-61.0"
"195","10","","Harrison Butker","KC","K3","12","147","225","185.7","9.3","150.0","-45.0"
"196","11","","Chase Edmonds","ARI","RB63","12","14","316","209.6","40.2","258.0","+62.0"
"197","11","","Cleveland (CLE)","","DST8","7","137","250","184.9","19.9","162.0","-35.0"
"198","11","","Stephen Gostkowski","NE","K4","10","148","252","191.9","13.1","163.0","-35.0"
"199","11","","Taylor Gabriel","CHI","WR72","6","20","306","203.6","32.5","270.0","+71.0"
"200","11","","Tyler Eifert","CIN","TE25","9","42","338","206.2","45.7","202.0","+2.0"
"201","11","","New Orleans (NO)","","DST9","9","140","249","192.7","18.0","183.0","-18.0"
"202","11","","Randall Cobb","DAL","WR73","8","101","331","208.9","34.5","189.0","-13.0"
"203","11","","Alexander Mattison","MIN","RB64","12","129","354","201.5","49.8","170.0","-33.0"
"204","11","","Trey Quinn","WAS","WR74","10","93","298","196.5","49.2","282.0","+78.0"
"205","11","","Rex Burkhead","NE","RB65","10","17","334","199.7","39.3","264.0","+59.0"
"206","11","","Marquise Brown","BAL","WR75","8","79","366","201.4","45.6","173.0","-33.0"
"207","11","","Gerald Everett","LAR","TE26","9","121","305","205.5","37.1","275.0","+68.0"
"208","11","","Marqise Lee","JAC","WR76","10","97","344","206.2","45.1","253.0","+45.0"
"209","11","","Denver (DEN)","","DST10","10","139","248","200.7","13.8","159.0","-50.0"
"210","11","","Mecole Hardman","KC","WR77","12","67","364","212.7","51.8","164.0","-46.0"
"211","11","","A.J. Brown","TEN","WR78","11","62","315","207.8","36.8","217.0","+6.0"
"212","11","","Wil Lutz","NO","K5","9","171","253","203.4","12.1","161.0","-51.0"
"213","11","","Andy Isabella","ARI","WR79","12","107","326","215.5","44.2","241.0","+28.0"
"214","11","","New England (NE)","","DST11","10","140","266","209.0","18.1","180.0","-34.0"
"215","11","","Ted Ginn","NO","WR80","9","109","306","225.9","37.1","227.0","+12.0"
"216","11","","Dallas (DAL)","","DST12","8","159","250","211.6","13.9","177.0","-39.0"
"217","11","","Ka'imi Fairbairn","HOU","K6","10","151","302","215.3","23.8","175.0","-42.0"
"218","11","","Buffalo (BUF)","","DST13","6","164","307","210.1","20.0","219.0","+1.0"
"219","11","","Mason Crosby","GB","K7","11","187","255","219.7","8.9","210.0","-9.0"
"220","11","","Nelson Agholor","PHI","WR81","10","131","297","220.9","29.3","230.0","+10.0"
"221","11","","John Ross","CIN","WR82","9","141","306","221.4","34.9","279.0","+58.0"
"222","11","","Antonio Callaway","CLE","WR83","7","137","332","223.2","40.8","243.0","+21.0"
"223","11","","Philadelphia (PHI)","","DST14","10","140","303","223.4","20.1","174.0","-49.0"
"224","11","","Malcolm Brown","LAR","RB66","9","130","329","225.9","43.7","254.0","+30.0"
"225","11","","Elijah McGuire","NYJ","RB67","4","126","363","220.4","44.6","302.0","+77.0"
"226","11","","Joe Flacco","DEN","QB29","10","37","341","242.5","38.8","238.0","+12.0"
"227","11","","Jake Elliott","PHI","K8","10","189","253","224.2","8.5","209.0","-18.0"
"228","11","","Seattle (SEA)","","DST15","11","176","318","224.7","18.8","222.0","-6.0"
"229","11","","Josh Doctson","WAS","WR84","10","127","375","236.4","43.2","333.0","+104.0"
"230","11","","T.J. Yeldon","BUF","RB68","6","119","337","229.3","37.8","252.0","+22.0"
"231","11","","Brett Maher","DAL","K9","8","190","253","229.3","12.2","196.0","-35.0"
"232","11","","Matt Prater","DET","K10","5","192","308","230.5","16.6","215.0","-17.0"
"233","11","","Robbie Gould","SF","K11","4","192","287","233.7","15.2","193.0","-40.0"
"234","11","","Michael Badgley","LAC","K12","12","196","287","234.5","15.1","213.0","-21.0"
"235","11","","Pittsburgh (PIT)","","DST16","7","166","303","235.2","23.3","208.0","-27.0"
"236","11","","Cameron Brate","TB","TE27","7","41","344","238.1","38.8","294.0","+58.0"
"237","11","","Gus Edwards","BAL","RB69","8","120","327","229.2","43.3","259.0","+22.0"
"238","11","","Paul Richardson","WAS","WR85","10","157","341","233.6","39.2","298.0","+60.0"
"239","11","","D.J. Chark","JAC","WR86","10","75","384","236.4","43.7","319.0","+80.0"
"240","11","","Indianapolis (IND)","","DST17","6","159","307","241.4","24.0","223.0","-17.0"
"241","11","","Adam Vinatieri","IND","K13","6","198","276","240.1","13.5","207.0","-34.0"
"242","11","","Frank Gore","BUF","RB70","6","19","322","236.2","35.9","269.0","+27.0"
"243","12","","Tennessee (TEN)","","DST18","11","195","299","234.0","19.6","228.0","-15.0"
"244","12","","Ryquell Armstead","JAC","RB71","10","134","334","236.1","47.6","266.0","+22.0"
"245","12","","Cole Beasley","BUF","WR87","6","122","322","241.4","42.5","246.0","+1.0"
"246","12","","Jason Witten","DAL","TE28","8","69","360","230.1","47.7","199.0","-47.0"
"247","12","","Kansas City (KC)","","DST19","12","145","340","247.4","34.1","192.0","-55.0"
"248","12","","Willie Snead","BAL","WR88","8","109","361","238.1","40.2","299.0","+51.0"
"249","12","","D'Onta Foreman","IND","RB72","6","51","359","206.9","65.0","171.0","-78.0"
"250","12","","Ricky Seals-Jones","ARI","TE29","12","46","351","250.2","41.7","322.0","+72.0"
"251","12","","Kenneth Dixon","BAL","RB73","8","120","345","230.7","52.5","338.0","+87.0"
"252","12","","Eli Manning","NYG","QB30","11","39","325","257.4","30.2","248.0","-4.0"
"253","12","","Ian Thomas","CAR","TE30","7","133","365","246.8","42.9","262.0","+9.0"
"254","12","","Danny Amendola","DET","WR89","5","137","375","242.7","44.0","267.0","+13.0"
"255","12","","Darren Waller","OAK","TE31","6","106","375","204.4","52.7","231.0","-24.0"
"256","12","","Doug Martin","OAK","RB74","6","104","329","248.6","39.3","324.0","+68.0"
"257","12","","Jason Myers","SEA","K14","11","200","308","253.5","18.8","224.0","-33.0"
"258","12","","Tony Pollard","DAL","RB75","8","104","336","211.1","61.0","186.0","-72.0"
"259","12","","Hayden Hurst","BAL","TE32","8","173","374","252.3","38.4","309.0","+50.0"
"260","12","","Theo Riddick","DEN","RB76","10","143","386","238.0","50.5","287.0","+27.0"
"261","12","","Graham Gano","CAR","K15","7","201","296","251.9","15.7","249.0","-12.0"
"262","12","","Phillip Dorsett","NE","WR90","10","175","361","257.2","40.2","293.0","+31.0"
"263","12","","Dwayne Haskins","WAS","QB31","10","40","334","260.1","40.8","220.0","-43.0"
"264","12","","Josh Reynolds","LAR","WR91","9","192","366","254.5","35.0","341.0","+77.0"
"265","12","","Carolina (CAR)","","DST20","7","200","325","258.0","22.1","242.0","-23.0"
"266","12","","Darwin Thompson","KC","RB77","12","113","381","230.3","64.1","206.0","-60.0"
"267","12","","Aldrick Rosas","NYG","K16","11","153","332","262.7","22.7","225.0","-42.0"
"268","12","","Equanimeous St. Brown","GB","WR92","11","159","350","252.3","36.2","344.0","+76.0"
"269","12","","Keelan Cole","JAC","WR93","10","82","354","255.7","35.5","353.0","+84.0"
"270","12","","Ryan Fitzpatrick","MIA","QB32","5","33","395","267.0","43.5","271.0","+1.0"
"271","12","","Chris Boswell","PIT","K17","7","204","305","270.9","23.7","274.0","+3.0"
"272","12","","Green Bay (GB)","","DST21","11","145","318","266.8","35.6","229.0","-43.0"
"273","12","","Chris Conley","JAC","WR94","10","157","371","261.5","38.5","386.0","+113.0"
"274","12","","Dan Bailey","MIN","K18","12","204","305","266.3","22.6","214.0","-60.0"
"275","12","","Atlanta (ATL)","","DST22","9","203","318","265.3","25.6","244.0","-31.0"
"276","12","","J.J. Arcega-Whiteside","PHI","WR95","10","155","373","261.2","40.6","272.0","-4.0"
"277","12","","Ryan Succop","TEN","K19","11","208","308","274.5","19.9","250.0","-27.0"
"278","12","","Miles Boykin","BAL","WR96","8","96","345","248.5","60.0","283.0","+5.0"
"279","12","","Rashard Higgins","CLE","WR97","7","110","360","261.9","51.0","263.0","-16.0"
"280","12","","Josh Rosen","MIA","QB33","5","43","371","279.9","43.0","273.0","-7.0"
"281","12","","Josh Lambo","JAC","K20","10","154","353","286.3","27.0","315.0","+34.0"
"282","12","","Breshad Perriman","TB","WR98","7","148","379","281.5","47.0","371.0","+89.0"
"283","12","","Benny Snell Jr.","PIT","RB78","7","84","379","273.1","44.6","257.0","-26.0"
"284","12","","Brandon McManus","DEN","K21","10","210","339","284.1","18.1","260.0","-24.0"
"285","12","","Hakeem Butler","ARI","WR99","12","73","385","274.0","42.9","278.0","-7.0"
"286","12","","Nick Vannett","SEA","TE33","11","191","357","278.3","35.5","451.0","+165.0"
"287","12","","Corey Clement","PHI","RB79","10","189","355","278.2","33.9","354.0","+67.0"
"288","12","","Chris Hogan","CAR","WR100","7","178","387","283.4","42.5","303.0","+15.0"
"289","12","","Arizona (ARI)","","DST23","12","165","337","286.1","30.6","268.0","-21.0"
"290","12","","Taywan Taylor","TEN","WR101","11","194","373","273.4","40.3","403.0","+113.0"
"291","12","","Greg Joseph","CLE","K22","7","171","342","281.7","27.8","349.0","+58.0"
"292","12","","Washington (WAS)","","DST24","10","141","323","289.6","40.8","251.0","-41.0"
"293","13","","Ty Montgomery","NYJ","RB80","4","149","384","282.2","48.5","329.0","+36.0"
"294","13","","Terry McLaurin","WAS","WR102","10","79","374","251.1","59.5","327.0","+33.0"
"295","13","","Demaryius Thomas","NE","WR103","10","148","379","266.6","47.8","245.0","-50.0"
"296","13","","Dexter Williams","GB","RB81","11","153","362","264.3","54.7","277.0","-19.0"
"297","13","","Steven Hauschka","BUF","K23","6","156","332","294.1","27.3","311.0","+14.0"
"298","13","","Devontae Booker","DEN","RB82","10","188","382","287.4","41.1","376.0","+78.0"
"299","13","","Charles Clay","ARI","TE34","12","209","391","293.7","40.4","418.0","+119.0"
"300","13","","Giorgio Tavecchio","ATL","K24","9","204","325","271.1","35.2","211.0","-89.0"
"301","13","","Case Keenum","WAS","QB34","10","44","400","304.6","35.7","346.0","+45.0"
"302","13","","Detroit (DET)","","DST25","5","164","347","300.1","27.9","247.0","-55.0"
"303","13","","Alfred Blue","JAC","RB83","10","143","392","296.7","51.1","316.0","+13.0"
"304","13","","Daniel Carlson","OAK","K25","6","157","342","301.6","31.5","340.0","+36.0"
"305","13","","Josh Adams","PHI","RB84","10","84","388","283.8","59.0","412.0","+107.0"
"306","13","","Demarcus Robinson","KC","WR104","12","137","378","284.7","47.4","290.0","-16.0"
"307","13","","Jonnu Smith","TEN","TE35","11","139","365","282.6","37.7","400.0","+93.0"
"308","13","","Diontae Johnson","PIT","WR105","7","138","389","278.8","53.9","323.0","+15.0"
"309","13","","Cairo Santos","TB","K26","7","183","332","303.0","24.5","660.0","+351.0"
"310","13","","New York (NYJ)","","DST26","4","207","355","291.7","30.3","239.0","-71.0"
"311","13","","Jordan Wilkins","IND","RB85","6","236","393","298.3","36.0","374.0","+63.0"
"312","13","","Will Dissly","SEA","TE36","11","163","360","266.5","55.4","342.0","+30.0"
"313","13","","New York (NYG)","","DST27","11","152","355","310.5","32.5","280.0","-33.0"
"314","13","","Jordan Thomas","HOU","TE37","10","163","368","262.7","52.9","308.0","-6.0"
"315","13","","Jalen Hurd","SF","WR106","4","97","386","281.4","68.9","295.0","-20.0"
"316","13","","Matt LaCosse","NE","TE38","10","173","394","259.6","52.8","265.0","-51.0"
"317","13","","Deon Cain","IND","WR107","6","210","379","306.1","44.2","312.0","-5.0"
"318","13","","Wendell Smallwood","PHI","RB86","10","199","382","304.6","33.3","391.0","+73.0"
"319","13","","Wayne Gallman","NYG","RB87","11","233","372","311.4","31.3","343.0","+24.0"
"320","13","","Cordarrelle Patterson","CHI","WR108","6","198","396","310.0","41.2","394.0","+74.0"
"321","13","","Irv Smith Jr.","MIN","TE39","12","153","366","283.2","39.7","235.0","-86.0"
"322","13","","Jake Kumerow","GB","WR109","11","175","378","304.7","41.4","385.0","+63.0"
"323","13","","San Francisco (SF)","","DST28","4","150","347","305.3","34.2","234.0","-89.0"
"324","13","","Spencer Ware","IND","RB88","6","187","380","277.2","45.5","360.0","+36.0"
"325","13","","KeeSean Johnson","ARI","WR110","12","163","390","277.7","67.9","314.0","-11.0"
"326","13","","Jake Butt","DEN","TE40","10","191","385","301.3","41.0","384.0","+58.0"
"327","13","","Josh Gordon","NE","WR111","10","140","377","262.9","63.3","191.0","-136.0"
"328","13","","Geoff Swaim","JAC","TE41","10","127","381","270.0","64.6","310.0","-18.0"
"329","13","","Daniel Jones","NYG","QB35","11","45","404","312.5","45.8","261.0","-68.0"
"330","13","","Ryan Grant","OAK","WR112","6","212","372","303.1","34.0","765.0","+435.0"
"331","13","","Keith Kirkwood","NO","WR113","9","208","390","311.0","39.2","551.0","+220.0"
"332","13","","Travis Benjamin","LAC","WR114","12","111","390","271.9","53.2","375.0","+43.0"
"333","13","","Hunter Renfrow","OAK","WR115","6","97","396","277.1","63.6","296.0","-37.0"
"334","13","","Ryan Tannehill","TEN","QB36","11","47","414","327.0","41.8","411.0","+77.0"
"335","13","","Dustin Hopkins","WAS","K27","10","158","332","313.5","23.9","306.0","-29.0"
"336","13","","Tampa Bay (TB)","","DST29","7","145","352","314.9","35.4","305.0","-31.0"
"337","13","","Bruce Anderson","TB","RB89","7","181","369","288.3","46.4","331.0","-6.0"
"338","13","","Miami (MIA)","","DST30","5","140","355","315.2","39.4","289.0","-49.0"
"339","13","","Justin Watson","TB","WR116","7","212","379","287.4","46.9","438.0","+99.0"
"340","13","","Cameron Meredith","NE","WR117","10","223","405","312.6","33.8","873.0","+533.0"
"341","13","","Maurice Harris","NE","WR118","10","151","390","272.0","49.2","313.0","-28.0"
"342","13","","Benjamin Watson","NE","TE42","10","147","383","287.0","43.6","256.0","-86.0"
"343","13","","Matt Bryant","FA","K28","","197","320","268.7","34.5","325.0","-18.0"
"344","13","","J'Mon Moore","GB","WR119","11","241","384","312.4","31.6","858.0","+514.0"
"345","14","","Cameron Artis-Payne","CAR","RB90","7","237","388","329.7","29.5","332.0","-13.0"
"346","14","","Trent Taylor","SF","WR120","4","214","371","305.2","45.9","348.0","+2.0"
"347","14","","Bilal Powell","NYJ","RB91","4","217","363","312.7","33.6","352.0","+5.0"
"348","14","","Blake Jarwin","DAL","TE43","8","142","374","298.0","52.0","330.0","-18.0"
"349","14","","John Kelly","LAR","RB92","9","257","393","318.4","34.8","682.0","+333.0"
"350","14","","Jace Sternberger","GB","TE44","11","173","376","288.7","44.5","366.0","+16.0"
"351","14","","C.J. Uzomah","CIN","TE45","9","163","391","305.2","46.0","350.0","-1.0"
"352","14","","Vernon Davis","WAS","TE46","10","190","352","305.6","37.3","456.0","+104.0"
"353","14","","Mike Weber","DAL","RB93","8","199","377","318.2","33.6","292.0","-61.0"
"354","14","","Qadree Ollison","ATL","RB94","9","185","386","307.5","54.4","291.0","-63.0"
"355","14","","Rod Smith","NYG","RB95","11","237","388","324.9","25.3","1,024.0","+669.0"
"356","14","","Kendrick Bourne","SF","WR121","4","179","392","320.5","37.6","422.0","+66.0"
"357","14","","Luke Willson","OAK","TE47","6","242","389","309.0","35.7","743.0","+386.0"
"358","14","","Jesse James","DET","TE48","5","219","362","308.5","39.1","276.0","-82.0"
"359","14","","Brian Hill","ATL","RB96","9","167","376","260.1","47.3","351.0","-8.0"
"360","14","","Dontrell Hilliard","CLE","RB97","7","173","386","272.8","61.7","337.0","-23.0"
"361","14","","Alfred Morris","DAL","RB98","8","166","386","286.1","52.3","226.0","-135.0"
"362","14","","Chandler Catanzaro","FA","K29","","220","342","313.7","21.1","339.0","-23.0"
"363","14","","Jay Ajayi","FA","RB99","","170","393","288.3","49.5","255.0","-108.0"
"364","14","","Ameer Abdullah","MIN","RB100","12","280","388","331.1","26.6","508.0","+144.0"
"365","14","","Josh Oliver","JAC","TE49","10","180","389","315.8","55.8","363.0","-2.0"
"366","14","","Zach Zenner","DET","RB101","5","193","388","336.0","30.0","428.0","+62.0"
"367","14","","Andre Ellington","TB","RB102","7","187","390","303.9","44.9","1,023.0","+656.0"
"368","14","","Trayveon Williams","CIN","RB103","9","199","378","325.4","33.9","307.0","-61.0"
"369","14","","Myles Gaskin","MIA","RB104","5","232","382","335.0","22.3","364.0","-5.0"
"370","14","","Dawson Knox","BUF","TE50","6","180","383","296.7","48.5","383.0","+13.0"
"371","14","","Tim Patrick","DEN","WR122","10","102","373","320.5","44.7","476.0","+105.0"
"372","14","","Cody Parkey","FA","K30","","155","353","294.0","40.8","368.0","-4.0"
"373","14","","Tyler Higbee","LAR","TE51","9","209","366","322.7","36.7","373.0","0.0"
"374","14","","Jeff Wilson","SF","RB105","4","270","385","331.5","26.0","490.0","+116.0"
"375","14","","Jakobi Meyers","NE","WR123","10","151","373","291.9","56.1","285.0","-90.0"
"376","14","","Chester Rogers","IND","WR124","6","228","396","337.4","36.2","446.0","+70.0"
"377","14","","Darren Sproles","PHI","RB106","10","199","368","296.8","52.8","288.0","-89.0"
"378","14","","Adam Shaheen","CHI","TE52","6","163","368","322.2","40.1","430.0","+52.0"
"379","14","","Dontrelle Inman","NE","WR125","10","152","398","315.6","46.1","727.0","+348.0"
"380","14","","Trenton Cannon","NYJ","RB107","4","282","381","340.6","23.9","425.0","+45.0"
"381","14","","Jaron Brown","SEA","WR126","11","194","384","305.1","41.6","426.0","+45.0"
"382","14","","Bryce Love","WAS","RB108","10","187","386","311.9","47.2","318.0","-64.0"
"383","14","","Michael Crabtree","FA","WR127","","242","366","294.1","34.8","369.0","-14.0"
"384","14","","Jordan Scarlett","CAR","RB109","7","166","389","315.1","58.0","378.0","-6.0"
"385","14","","Austin Seferian-Jenkins","FA","TE53","","246","343","282.1","23.9","583.0","+198.0"
"386","14","","Mark Walton","MIA","RB110","5","270","369","325.9","25.4","1,025.0","+639.0"
"387","14","","Chad Beebe","MIN","WR128","12","211","382","300.4","51.2","492.0","+105.0"
"388","14","","Kelvin Harmon","WAS","WR129","10","239","395","323.9","45.0","317.0","-71.0"
"389","14","","Cincinnati (CIN)","","DST31","9","149","355","331.8","18.5","336.0","-53.0"
"390","14","","Laquon Treadwell","MIN","WR130","12","271","382","336.5","25.6","434.0","+44.0"
"391","14","","Randy Bullock","CIN","K31","9","284","353","327.7","12.1","413.0","+22.0"
"392","14","","Jakeem Grant","MIA","WR131","5","240","369","307.8","42.9","1,018.0","+626.0"
"393","14","","Damarea Crockett","HOU","RB111","10","245","364","300.6","41.2","464.0","+71.0"
"394","14","","Ryan Switzer","PIT","WR132","7","222","376","316.6","45.8","441.0","+47.0"
"395","14","","Drew Lock","DEN","QB37","10","241","417","347.5","28.1","345.0","-50.0"
"396","14","","Preston Williams","MIA","WR133","5","219","378","296.1","48.2","304.0","-92.0"
"397","14","","Rodney Anderson","CIN","RB112","9","257","385","333.8","30.5","320.0","-77.0"
"398","14","","Ty Johnson","DET","RB113","5","233","357","270.9","37.8","423.0","+25.0"
"399","14","","Tyler Kroft","BUF","TE54","6","246","391","325.7","35.7","420.0","+21.0"
"400","14","","Kahale Warring","HOU","TE55","10","267","394","330.7","41.9","417.0","+17.0"
"401","14","","Cody Latimer","NYG","WR134","11","222","377","306.5","45.1","380.0","-21.0"
"402","14","","Darrel Williams","KC","RB114","12","200","378","323.7","40.3","367.0","-35.0"
"403","14","","Gary Jennings","SEA","WR135","11","206","377","329.7","31.9","478.0","+75.0"
"404","14","","Marcus Murphy","BUF","RB115","6","292","383","343.2","17.2","959.0","+555.0"
"405","14","","Jordan Matthews","SF","WR136","4","304","377","341.4","22.0","452.0","+47.0"
"406","15","","Zane Gonzalez","ARI","K32","12","285","353","327.5","17.7","347.0","-59.0"
"407","15","","Blake Bortles","LAR","QB38","9","282","397","351.4","27.6","388.0","-19.0"
"408","15","","Javorius Allen","FA","RB116","","273","382","330.3","21.5","442.0","+34.0"
"409","15","","Travis Homer","SEA","RB117","11","168","384","322.2","47.9","493.0","+84.0"
"410","15","","Oakland (OAK)","","DST32","6","295","355","335.2","12.0","297.0","-113.0"
"411","15","","Allen Hurns","MIA","WR137","5","173","407","350.9","32.9","714.0","+303.0"
"412","15","","Chris Moore","BAL","WR138","8","203","383","324.9","36.1","356.0","-56.0"
"413","15","","Riley Ridley","CHI","WR139","6","265","393","348.1","35.5","286.0","-127.0"
"414","15","","Jarius Wright","CAR","WR140","7","256","395","352.6","30.9","449.0","+35.0"
"415","15","","Taysom Hill","NO","QB39","9","295","408","357.5","21.9","381.0","-34.0"
"416","15","","Jeff Heuerman","DEN","TE56","10","161","376","345.0","31.7","432.0","+16.0"
"417","15","","LeGarrette Blount","FA","RB118","","307","358","335.3","12.3","402.0","-15.0"
"418","15","","Alex Collins","FA","RB119","","188","334","304.7","24.4","409.0","-9.0"
"419","15","","Eddy Pineiro","CHI","K33","6","251","353","338.2","16.3","334.0","-85.0"
"420","15","","Dez Bryant","FA","WR141","","271","315","291.2","14.0","301.0","-119.0"
"421","15","","J.J. Nelson","OAK","WR142","6","250","389","322.3","33.0","515.0","+94.0"
"422","15","","Teddy Bridgewater","NO","QB40","9","289","385","350.5","18.6","377.0","-45.0"
"423","15","","Mike Boone","MIN","RB120","12","273","367","342.3","20.2","1,007.0","+584.0"
"424","15","","Jason Sanders","MIA","K34","5","316","344","336.8","5.6","390.0","-34.0"
"425","15","","Josh Ferguson","HOU","RB121","10","175","353","276.3","73.4","1,022.0","+597.0"
"426","15","","Matt Gay","TB","K35","7","236","353","320.3","20.1","300.0","-126.0"
"427","15","","Torrey Smith","CAR","WR143","7","279","378","335.7","29.7","563.0","+136.0"
"428","15","","Pierre Garcon","FA","WR144","","293","353","311.2","21.8","541.0","+113.0"
"429","15","","Kyle Juszczyk","SF","RB122","4","256","365","336.3","31.1","439.0","+10.0"
"430","15","","Demetrius Harris","CLE","TE57","7","295","391","361.1","24.0","429.0","-1.0"
"431","15","","Elijah Holyfield","CAR","RB123","7","110","283","196.5","86.5","335.0","-96.0"
"432","15","","Scott Miller","TB","WR145","7","259","355","300.5","38.2","",""
"433","15","","Kevin White","ARI","WR146","12","262","377","334.5","32.3","518.0","+85.0"
"434","15","","Darius Slayton","NYG","WR147","11","250","379","337.7","28.1","468.0","+34.0"
"435","15","","Josh Hill","NO","TE58","9","305","389","352.9","24.8","401.0","-34.0"
"436","15","","Austin Seibert","CLE","K36","7","249","353","309.0","44.7","321.0","-115.0"
"437","15","","Foster Moreau","OAK","TE59","6","275","402","354.5","38.4","498.0","+61.0"
"438","15","","Chris Ivory","FA","RB124","","329","361","339.7","14.1","488.0","+50.0"
"439","15","","DeAndre Washington","OAK","RB125","6","322","380","354.3","17.4","676.0","+237.0"
"440","15","","Tavon Austin","DAL","WR148","8","298","390","340.7","31.1","404.0","-36.0"
"441","15","","Nick Mullens","SF","QB41","4","279","385","329.8","39.1","462.0","+21.0"
"442","15","","Alex Erickson","CIN","WR149","9","280","384","350.7","25.8","1,009.0","+567.0"
"443","15","","Will Grier","CAR","QB42","7","242","386","365.8","14.3","410.0","-33.0"
"444","15","","Alex Barnes","TEN","RB126","11","249","368","345.2","24.8","469.0","+25.0"
"445","15","","Jacob Hollister","SEA","TE60","11","282","343","319.8","23.1","864.0","+419.0"
"446","15","","Benny Cunningham","FA","RB127","","235","386","336.8","48.3","1,021.0","+575.0"
"447","15","","J.D. McKissic","SEA","RB128","11","238","386","347.2","28.7","1,020.0","+573.0"
"448","15","","Karan Higdon","HOU","RB129","10","309","392","347.5","23.8","502.0","+54.0"
"449","15","","Boston Scott","PHI","RB130","10","315","367","347.8","15.9","1,015.0","+566.0"
"450","15","","Darius Jackson","DAL","RB131","8","277","378","323.5","36.6","328.0","-122.0"
"451","15","","Jason Croom","BUF","TE61","6","228","374","339.2","27.6","919.0","+468.0"
"452","15","","Braxton Berrios","NE","WR150","10","246","261","253.5","7.5","524.0","+72.0"
"453","15","","Corey Grant","FA","RB132","","319","364","343.0","17.7","885.0","+432.0"
"454","15","","Byron Pringle","KC","WR151","12","258","380","329.8","44.5","466.0","+12.0"
"455","15","","Kelvin Benjamin","FA","WR152","","300","357","330.3","20.2","507.0","+52.0"
"456","15","","Jordan Akins","HOU","TE62","10","283","394","353.0","33.3","890.0","+434.0"
"457","15","","Jordan Lasley","OAK","WR153","6","289","341","309.0","22.9","603.0","+146.0"
"458","15","","Tyrod Taylor","LAC","QB43","12","293","362","334.0","27.8","600.0","+142.0"
"459","15","","Nick O'Leary","MIA","TE63","5","282","332","315.3","23.6","915.0","+456.0"
"460","15","","Seth Roberts","BAL","WR154","8","301","378","351.2","24.5","454.0","-6.0"
"461","15","","Justin Hardy","ATL","WR155","9","293","370","354.4","16.5","1,017.0","+556.0"
"462","15","","Jacquizz Rodgers","NO","RB133","9","321","332","328.0","5.0","599.0","+137.0"
"463","15","","Emmanuel Butler","NO","WR156","9","253","334","293.5","40.5","485.0","+22.0"
"464","15","","Xavier Grimble","PIT","TE64","7","285","362","331.3","33.3","880.0","+416.0"
"465","15","","C.J. Prosise","SEA","RB134","11","245","406","359.8","39.4","609.0","+144.0"
"466","15","","Colt McCoy","WAS","QB44","10","269","397","350.3","48.4","760.0","+294.0"
"467","15","","Drew Sample","CIN","TE65","9","267","370","335.0","48.1","495.0","+28.0"
"468","15","","James Develin","NE","RB135","10","329","380","360.4","18.0","372.0","-96.0"
"469","15","","Ryan Griffin","NYJ","TE66","4","320","356","337.0","14.8","473.0","+4.0"
"470","15","","Raheem Mostert","SF","RB136","4","280","392","364.2","27.5","946.0","+476.0"
"471","15","","Gregory Howell","HOU","RB137","10","245","383","314.0","69.0","997.0","+526.0"
"472","15","","Rhett Ellison","NYG","TE67","11","308","388","364.6","18.7","653.0","+181.0"
"473","15","","Greg Dortch","NYJ","WR157","4","290","340","315.0","25.0","615.0","+142.0"
"474","15","","Blake Bell","KC","TE68","12","319","394","370.7","19.1","396.0","-78.0"
"475","15","","Mo Alie-Cox","IND","TE69","6","301","394","366.4","19.4","448.0","-27.0"
"476","16","","T.J. Logan","ARI","RB138","12","321","394","345.7","34.2","875.0","+399.0"
"477","16","","James O'Shaughnessy","JAC","TE70","10","320","389","367.0","24.5","459.0","-18.0"
"478","16","","Chad Williams","ARI","WR158","12","304","409","363.0","37.7","557.0","+79.0"
"479","16","","Ed Dickson","SEA","TE71","11","341","383","367.8","16.0","500.0","+21.0"
"480","16","","Nick Boyle","BAL","TE72","8","349","383","360.5","13.2","690.0","+210.0"
"481","16","","Austin Carr","NO","WR159","9","339","364","348.7","11.0","555.0","+74.0"
"482","16","","Jacoby Brissett","IND","QB45","6","343","387","369.0","17.0","427.0","-55.0"
"483","16","","CJ Ham","MIN","RB139","12","322","372","350.3","20.9","647.0","+164.0"
"484","16","","Elijhaa Penny","NYG","RB140","11","331","392","363.0","24.6","1,019.0","+535.0"
"485","16","","Russell Shepard","NYG","WR160","11","356","375","363.3","7.1","1,001.0","+516.0"
"486","16","","Virgil Green","LAC","TE73","12","350","356","352.3","2.6","517.0","+31.0"
"487","16","","Devine Ozigbo","NO","RB141","9","329","331","330.0","1.0","382.0","-105.0"
"488","16","","Lee Smith","BUF","TE74","6","299","365","332.0","33.0","848.0","+360.0"
"489","16","","Noah Brown","DAL","WR161","8","323","372","354.7","22.4","542.0","+53.0"
"490","16","","Maxx Williams","ARI","TE75","12","345","396","365.5","21.7","731.0","+241.0"
"491","16","","Eli Rogers","PIT","WR162","7","341","415","375.4","27.2","658.0","+167.0"
"492","16","","Marcell Ateman","OAK","WR163","6","344","383","365.8","15.1","803.0","+311.0"
"493","16","","Brice Butler","MIA","WR164","5","333","396","366.0","26.6","711.0","+218.0"
"494","16","","Tajae Sharpe","TEN","WR165","11","333","416","363.0","37.6","457.0","-37.0"
"495","16","","Bennie Fowler","NYG","WR166","11","318","383","358.7","28.9","692.0","+197.0"
"496","16","","Robert Griffin","BAL","QB46","8","338","397","378.3","18.9","399.0","-97.0"
"497","16","","Richie James","SF","WR167","4","315","372","343.5","28.5","871.0","+374.0"
"498","16","","Garrett Celek","SF","TE76","4","349","397","371.5","17.3","708.0","+210.0"
"499","16","","Isaiah McKenzie","BUF","WR168","6","343","385","366.0","17.4","460.0","-39.0"
"500","16","","Brandon Powell","DET","WR169","5","359","373","366.0","5.7","602.0","+102.0"
"501","16","","Kenjon Barner","ATL","RB142","9","329","393","374.5","26.4","716.0","+215.0"
"502","16","","Samaje Perine","WAS","RB143","10","312","392","352.0","40.0","612.0","+110.0"
"503","16","","DeAndre Carter","HOU","WR170","10","329","379","354.0","25.0","544.0","+41.0"
"504","16","","Jeremy Hill","FA","RB144","","336","372","354.0","18.0","530.0","+26.0"
"505","16","","Dwayne Allen","MIA","TE77","5","322","389","355.5","33.5","604.0","+99.0"
"506","16","","Zach Line","NO","RB145","9","352","359","355.5","3.5","1,016.0","+510.0"
"507","16","","Trevon Wesco","NYJ","TE78","4","354","358","356.0","2.0","726.0","+219.0"
"508","16","","Brett Hundley","ARI","QB47","12","320","397","358.5","38.5","652.0","+144.0"
"509","16","","Jordan Taylor","MIN","WR171","12","345","396","371.7","20.9","1,002.0","+493.0"
"510","16","","Emanuel Hall","CHI","WR172","6","341","377","359.0","18.0","361.0","-149.0"
"511","16","","Bruce Ellington","FA","WR173","","354","366","360.0","6.0","933.0","+422.0"
"512","16","","Trent Sherfield","ARI","WR174","12","349","378","363.5","14.5","578.0","+66.0"
"513","16","","Dan Arnold","NO","TE79","9","336","411","373.5","37.5","627.0","+114.0"
"514","16","","Andy Janovich","DEN","RB146","10","363","399","379.7","14.8","837.0","+323.0"
"515","16","","Kenneth Farrow","MIA","RB147","5","374","382","378.0","4.0","869.0","+354.0"
"516","16","","Cody Core","CIN","WR175","9","384","395","390.0","3.5","608.0","+92.0"
"517","16","","Dwayne Washington","NO","RB148","9","373","387","380.0","7.0","970.0","+453.0"
"518","16","","Anthony Sherman","KC","RB149","12","375","392","383.5","8.5","450.0","-68.0"
"519","16","","David Fluellen","TEN","RB150","11","388","393","390.5","2.5","965.0","+446.0"
"520","16","","Luke Stocker","ATL","TE80","9","389","412","400.5","11.5","816.0","+296.0"
"521","16","","Andre Roberts","BUF","WR176","6","395","395","395.0","0.0","723.0","+202.0"
""
""